dv,income_group,term,estimate,std.error,statistic,p.value,conf.low,conf.high,df,n_obs
p90p100,High income,public_debt,0.009780050113624717,0.012516623277856036,0.7813649014209154,0.4407109624255522,-0.01578230485263958,0.03534240507988901,30,1264
p90p100,High income,growth,-0.020168154504226515,0.02277996357198689,-0.8853462140311681,0.3830115240319032,-0.0666910466628409,0.026354737654387866,30,1264
p90p100,High income,life_exp,0.00401954847685617,0.002864261837430851,1.4033453311871702,0.17078025091116214,-0.0018300545813636302,0.009869151535075971,30,1264
p90p100,High income,military_exp,0.2672418442658437,0.40310350189332933,0.6629608599544297,0.5124176898989817,-0.5560053346894767,1.090489023221164,30,1264
p90p100,High income,nonmil_g,-0.27289776917057473,0.11337480913262574,-2.4070406050372197,0.022442965332504377,-0.5044400191005463,-0.041355519240603156,30,1264
p90p100,High income,composite_inflation,0.018282145696470825,0.019455113873941055,0.9397090047855567,0.3548720248967432,-0.02145049750248306,0.05801478889542471,30,1264
p90p100,High income,public_debt:growth,0.03999028484777273,0.052841157452884494,0.7568018335599448,0.455071478945678,-0.06792575557733015,0.14790632527287562,30,1264
p90p100,Upper middle income,public_debt,0.0029417317936061,0.008087207994089707,0.3637512223941781,0.7198606864763377,-0.013927888472501326,0.019811352059713527,20,812
p90p100,Upper middle income,growth,-0.0175534039601119,0.013274832723474473,-1.3223069793618898,0.20098959375422668,-0.04524421978984842,0.010137411869624621,20,812
p90p100,Upper middle income,life_exp,-0.002132263033484763,0.002314611219693033,-0.9212186544950501,0.3679157112600897,-0.00696045743239589,0.0026959313654263645,20,812
p90p100,Upper middle income,military_exp,-0.25807842663726976,0.29971320539141816,-0.861084603530317,0.39939742966154745,-0.8832692177466546,0.36711236447211504,20,812
p90p100,Upper middle income,nonmil_g,0.008299098148875188,0.07706219159259071,0.10769351321787635,0.9153118606566246,-0.1524498166794679,0.16904801297721828,20,812
p90p100,Upper middle income,composite_inflation,-3.369661615449763e-5,6.676254675456588e-5,-0.5047233485321339,0.6192691024438541,-1.7296084833090037e-4,1.0556761602190509e-4,20,812
p90p100,Upper middle income,public_debt:growth,0.018454050187273634,0.019655860379689725,0.9388574110112262,0.35900505683431583,-0.022547356089320472,0.05945545646386774,20,812
p90p100,Lower middle income,public_debt,-0.007829535520970694,0.007919146521962798,-0.9886842602616862,0.33229073116609553,-0.024139323087855262,0.008480252045913876,25,1062
p90p100,Lower middle income,growth,0.043143855388414136,0.030857540600400423,1.398162476625058,0.17434631075721443,-0.020408439121260676,0.10669614989808895,25,1062
p90p100,Lower middle income,life_exp,7.14634561434848e-4,0.0016727676295303989,0.4272168762827324,0.6728784615726773,-0.002730494861380754,0.00415976398425045,25,1062
p90p100,Lower middle income,military_exp,0.2603022030879257,0.29103602835010084,0.8943985545830635,0.37963900487497604,-0.3390977175393087,0.8597021237151601,25,1062
p90p100,Lower middle income,nonmil_g,-0.08575833711135114,0.047680760740241745,-1.7985941453105334,0.08416891478182803,-0.18395870208048487,0.012442027857782603,25,1062
p90p100,Lower middle income,composite_inflation,1.2791152183907345e-4,6.516715653785938e-5,1.9628218973274094,0.060885808652776915,-6.302749423957077e-6,2.6212579310210394e-4,25,1062
p90p100,Lower middle income,public_debt:growth,-0.027310400295089944,0.036015381375120156,-0.7582982395948272,0.4553621307125779,-0.10148546672926298,0.0468646661390831,25,1062
p90p100,Low income,public_debt,0.0027965060155966236,0.0092960316597179,0.3008279358292856,0.765620791201522,-0.016188523395949526,0.02178153542714277,30,1121
p90p100,Low income,growth,0.019256810275648358,0.013635561726813584,1.4122491365926566,0.16816650366605848,-0.008590721865218368,0.04710434241651508,30,1121
p90p100,Low income,life_exp,-4.1422632917285885e-4,0.001691535781996417,-0.2448818012492604,0.8082152722200194,-0.003868803265592116,0.0030403506072463984,30,1121
p90p100,Low income,military_exp,0.5090567491064713,0.3099005047486442,1.6426457566416672,0.11089863437186406,-0.1238445159355358,1.1419580141484782,30,1121
p90p100,Low income,nonmil_g,-0.010516642008857196,0.06424076040920339,-0.16370668625134363,0.8710599726220692,-0.1417137775644203,0.12068049354670592,30,1121
p90p100,Low income,composite_inflation,-0.0012132826831552227,7.45355677809381e-4,-1.6277902205308088,0.11402811961549057,-0.002735502054093061,3.089366877826157e-4,30,1121
p90p100,Low income,public_debt:growth,-0.008296690281221764,0.013559825862537641,-0.6118581732043782,0.545241156341628,-0.03598954915252356,0.019396168590080035,30,1121
p99p100,High income,public_debt,-5.544961935085088e-4,0.004439397153042296,-0.12490348900830273,0.901433180204875,-0.009620954721748922,0.008511962334731903,30,1264
p99p100,High income,growth,-0.045601171421713285,0.015847733184546756,-2.8774570401134296,0.007317390836210555,-0.07796656039932423,-0.013235782444102347,30,1264
p99p100,High income,life_exp,0.002766586496350806,0.0026929568178987715,1.0273415741250116,0.3124721783781166,-0.0027331650388524834,0.008266338031554096,30,1264
p99p100,High income,military_exp,0.07600946649429409,0.265563324974297,0.28621974251019333,0.7766770962143328,-0.4663431975044874,0.6183621304930755,30,1264
p99p100,High income,nonmil_g,-0.1444588129645497,0.06179201002608958,-2.3378234969789276,0.026256984517382384,-0.2706549330603224,-0.01826269286877702,30,1264
p99p100,High income,composite_inflation,-0.010328231274797692,0.01220470574060283,-0.8462499214903273,0.40411325135366916,-0.03525356564609245,0.014597103096497067,30,1264
p99p100,High income,public_debt:growth,0.08223782302449313,0.025358944104847583,3.242951389635054,0.002898474580132836,0.030447949958280263,0.134027696090706,30,1264
p99p100,Upper middle income,public_debt,0.005033980017959421,0.008285438540960909,0.6075695321464061,0.5503100288554801,-0.012249141923052853,0.022317101958971693,20,812
p99p100,Upper middle income,growth,0.005392352204524608,0.014721794463560025,0.36628362241246976,0.7179995947826425,-0.025316772924622585,0.0361014773336718,20,812
p99p100,Upper middle income,life_exp,-0.001562039799818894,0.0016286178898986745,-0.9591198828818448,0.3489506022383786,-0.004959277187710791,0.0018351975880730035,20,812
p99p100,Upper middle income,military_exp,0.03427671636005591,0.3272841453854115,0.10473075718254383,0.9176326619819735,-0.6484260477835595,0.7169794805036713,20,812
p99p100,Upper middle income,nonmil_g,0.035752334409324904,0.06937915705752694,0.5153180858003252,0.6119799689668122,-0.10897005121479383,0.18047472003344364,20,812
p99p100,Upper middle income,composite_inflation,1.1711544222152468e-5,4.9693685270321736e-5,0.235674697065522,0.8160816218235006,-9.194766681167279e-5,1.1537075525597771e-4,20,812
p99p100,Upper middle income,public_debt:growth,-0.006139193662446976,0.017609393837087976,-0.34863174276430403,0.7310090384313968,-0.04287174553512128,0.030593358210227333,20,812
p99p100,Lower middle income,public_debt,-0.010850689447652639,0.008996978269751018,-1.2060370851549163,0.2390934566327685,-0.02938031305248852,0.007678934157183239,25,1062
p99p100,Lower middle income,growth,0.044197070238869846,0.033176054071022296,1.3321979203510488,0.19481271233350367,-0.024130292148628565,0.11252443262636826,25,1062
p99p100,Lower middle income,life_exp,0.0012959335408480467,0.002500279516870537,0.5183154651725083,0.6087955313283452,-0.0038534885168062137,0.0064453555985023074,25,1062
p99p100,Lower middle income,military_exp,0.17758380198292692,0.34994744973121455,0.5074584830360226,0.616280846843386,-0.5431464621762061,0.8983140661420599,25,1062
p99p100,Lower middle income,nonmil_g,-0.05098045090228117,0.045881927100175614,-1.1111227039564788,0.27708784256540664,-0.14547604863970917,0.043515146835146824,25,1062
p99p100,Lower middle income,composite_inflation,7.794981659947652e-5,9.218150844285598e-5,0.8456122916213528,0.4057900753079876,-1.1190155388953897e-4,2.67801187088492e-4,25,1062
p99p100,Lower middle income,public_debt:growth,-0.023800657626101795,0.03707830132626078,-0.6419025892441553,0.5267789801784455,-0.10016484867813961,0.05256353342593602,25,1062
p99p100,Low income,public_debt,0.001075907722202017,0.006524181757108375,0.16491075237592356,0.8701204292538548,-0.012248248980243428,0.014400064424647464,30,1121
p99p100,Low income,growth,0.02292157724236507,0.015393706654700518,1.4890226088182532,0.14691973099086092,-0.008516565858910863,0.054359720343641005,30,1121
p99p100,Low income,life_exp,-0.0015273885386867987,0.001967669311883325,-0.7762424963699218,0.4436830061925435,-0.005545905377455323,0.0024911283000817264,30,1121
p99p100,Low income,military_exp,0.5742116405571656,0.31204978160587094,1.8401283205588448,0.07566217683590205,-0.06307903341132126,1.2115023145256525,30,1121
p99p100,Low income,nonmil_g,-8.511794234546443e-4,0.06340054766131156,-0.013425426985294846,0.9893772677253689,-0.1303323716265651,0.12863001277965583,30,1121
p99p100,Low income,composite_inflation,-0.0017670623698305796,8.510605173715634e-4,-2.076306365718879,0.04653050737520152,-0.0035051598231040045,-2.896491655715464e-5,30,1121
p99p100,Low income,public_debt:growth,-0.013119902747979358,0.014515689188048124,-0.9038429094212059,0.37327973318761243,-0.04276489496095972,0.016525089465001003,30,1121
gini,High income,public_debt,-0.42191133039668816,1.012502112110081,-0.4167016792857981,0.6798631991992927,-2.4897165059059345,1.6458938451125584,30,1125
gini,High income,growth,-0.9388221969519039,1.94591652406932,-0.4824575902097946,0.6329826459158518,-4.912913916320121,3.0352695224163124,30,1125
gini,High income,life_exp,-0.1662063589499625,0.19762557417460141,-0.8410164506498528,0.40699248728025805,-0.5698116257474681,0.2373989078475432,30,1125
gini,High income,military_exp,11.360381369131904,26.173804070511785,0.434036311211287,0.6673676984792551,-42.09365776069953,64.81442049896334,30,1125
gini,High income,nonmil_g,-5.222703564245242,10.612276854067577,-0.4921378923735327,0.6262040986194835,-26.895864281950608,16.45045715346012,30,1125
gini,High income,composite_inflation,4.529012152412884,4.151954695863127,1.0908144438390537,0.28403848829256056,-3.9504105627589627,13.00843486758473,30,1125
gini,High income,public_debt:growth,0.8213466126137974,3.3114201475271643,0.24803455195111562,0.8057976117652146,-5.941475545921912,7.584168771149506,30,1125
gini,Upper middle income,public_debt,0.8962901268208722,0.8682797379305275,1.032259636689329,0.3149120159652269,-0.9210402506230647,2.713620504264809,19,602
gini,Upper middle income,growth,0.8058313017161308,1.572594010423575,0.512421703487909,0.61426136589232,-2.485645789918843,4.0973083933511045,19,602
gini,Upper middle income,life_exp,-0.19500830131508812,0.1443760604793874,-1.3506969276456293,0.19266102571337268,-0.49719086877915475,0.10717426614897851,19,602
gini,Upper middle income,military_exp,-7.976281669097194,37.60299329711172,-0.21211826425822994,0.834273721476389,-86.68025115770644,70.72768781951206,19,602
gini,Upper middle income,nonmil_g,1.8741484691077301,3.349091104864497,0.5595991301596908,0.582290492509421,-5.135579773778563,8.883876711994024,19,602
gini,Upper middle income,composite_inflation,-0.010970125863437895,0.004365047378145575,-2.5131745232278297,0.02114443657507325,-0.020106275024528504,-0.0018339767023472838,19,602
gini,Upper middle income,public_debt:growth,1.714205852816421,1.349495835273695,1.2702564972857127,0.21932899022542945,-1.110321391735256,4.538733097368098,19,602
gini,Lower middle income,public_debt,-0.6765428501017464,0.8724048642936099,-0.7754918361780871,0.4459499761799838,-2.4812498119893194,1.1281641117858268,23,779
gini,Lower middle income,growth,0.005930088929481381,1.345167647818475,0.004408438560872691,0.9965206006509836,-2.776761203019697,2.7886213808786597,23,779
gini,Lower middle income,life_exp,-0.11283491787724201,0.12833976489978408,-0.8791890647871355,0.38839218162304523,-0.3783259492565718,0.15265611350208777,23,779
gini,Lower middle income,military_exp,46.16725261163261,24.691008554474244,1.869800195070066,0.07429479641270548,-4.909990143502355,97.24449536676758,23,779
gini,Lower middle income,nonmil_g,-3.8246209562388946,5.957300395434158,-0.6420057244671078,0.5272170913064234,-16.148235756806173,8.498993844328382,23,779
gini,Lower middle income,composite_inflation,-0.7708649442103958,1.0380902883538683,-0.7425798630991722,0.4652532165826959,-2.9183183195157296,1.3765884310949383,23,779
gini,Lower middle income,public_debt:growth,-1.2832138925310361,2.280816388865009,-0.5626116590514308,0.579142493770901,-6.001442073325128,3.4350142882630554,23,779
gini,Low income,public_debt,1.4030332718959357,0.6608836657386974,2.1229655756852557,0.043438559978057574,0.04456744145182712,2.7614991023400446,26,818
gini,Low income,growth,-0.0674156151170047,0.72824470043535,-0.0925727507206069,0.9269526204728002,-1.5643440353975264,1.429512805163517,26,818
gini,Low income,life_exp,0.14668688554147408,0.06339440078136271,2.313877625365906,0.028839720625950152,0.01637782849025829,0.2769959425926899,26,818
gini,Low income,military_exp,-15.673359283703777,12.398310717910965,-1.2641528059997384,0.21739128997390145,-41.158451953811216,9.811733386403661,26,818
gini,Low income,nonmil_g,-5.64419620968784,2.722667929612594,-2.0730387824015497,0.048216741943455106,-11.240720290655368,-0.04767212872031301,26,818
gini,Low income,composite_inflation,0.14328518804812976,0.5177406526689285,0.27675089315374674,0.7841596707089467,-0.9209459650950275,1.207516341191287,26,818
gini,Low income,public_debt:growth,-0.1677409123538827,1.6765601274043416,-0.10005063917008451,0.921071612336541,-3.613959609888352,3.2784777851805864,26,818
