spec,dv,country,ect_coefficient,ecm_r_squared
Baseline (p=3),p90p100,Algeria,-0.16484423930984904,0.49349642333070565
Baseline (p=3),p90p100,Argentina,-0.1393543805341828,0.3057892919408058
Baseline (p=3),p90p100,Australia,-0.34648353610665295,0.19053357836606363
Baseline (p=3),p90p100,Austria,-0.8687220646524578,0.4963368148195388
Baseline (p=3),p90p100,Bahamas,-0.47132489254835086,0.36109596456043996
Baseline (p=3),p90p100,Bahrain,-0.21396003597476665,0.7039344324025378
Baseline (p=3),p90p100,Bangladesh,-0.26922423706003396,0.767411260951216
Baseline (p=3),p90p100,Belgium,-0.5078221349114622,0.4317842254680733
Baseline (p=3),p90p100,Belize,-0.3359082644774254,0.3154978952681447
Baseline (p=3),p90p100,Bolivia,-0.08919336603023242,0.08462965912218022
Baseline (p=3),p90p100,Brazil,-0.4689702870770024,0.18768468279601958
Baseline (p=3),p90p100,Burkina Faso,-0.3145229196620314,0.6611882447521548
Baseline (p=3),p90p100,Canada,-0.013176858390570367,0.5021033242785959
Baseline (p=3),p90p100,Chile,-0.04490283875581802,0.4251904242467972
Baseline (p=3),p90p100,Colombia,-0.3907196653810061,0.21231678445515006
Baseline (p=3),p90p100,Costa Rica,-0.7798331441443599,0.35407204447101104
Baseline (p=3),p90p100,Cote d'Ivoire,-0.36531158486390125,0.3088103902612385
Baseline (p=3),p90p100,Cyprus,-0.6853067310630488,0.5501019385369559
Baseline (p=3),p90p100,Denmark,-0.5664805139133406,0.4523247331210643
Baseline (p=3),p90p100,Egypt,-0.2630864984280298,0.5646287718984396
Baseline (p=3),p90p100,El Salvador,-0.4662099673735043,0.2275709649697805
Baseline (p=3),p90p100,Finland,-0.14023752359770314,0.5623140152460855
Baseline (p=3),p90p100,France,-0.148580268266288,0.6165627964200786
Baseline (p=3),p90p100,Germany,-0.20441506912384522,0.3011255022125725
Baseline (p=3),p90p100,Ghana,-0.13658527900545825,0.5925857523785417
Baseline (p=3),p90p100,Greece,-0.14696827267466228,0.30356315766499126
Baseline (p=3),p90p100,Guatemala,-0.07139129194900051,0.05803122330961577
Baseline (p=3),p90p100,Guyana,-0.1688998532360232,0.13643078360408362
Baseline (p=3),p90p100,Haiti,-0.08409112652213147,0.0804508461024718
Baseline (p=3),p90p100,Honduras,-0.08153233637048551,0.12348566917460554
Baseline (p=3),p90p100,Iceland,-0.18155243161803003,0.38593593363489953
Baseline (p=3),p90p100,India,-0.413245684084782,0.42417799986858734
Baseline (p=3),p90p100,Indonesia,-0.3245238497655596,0.35996069230828814
Baseline (p=3),p90p100,Iran,-0.6396920068549562,0.3017130350607802
Baseline (p=3),p90p100,Ireland,-0.7044600065364508,0.5111368680174077
Baseline (p=3),p90p100,Italy,-0.25092232865816577,0.6070604196709388
Baseline (p=3),p90p100,Jamaica,-0.11994531494252192,0.12742966029864863
Baseline (p=3),p90p100,Japan,-0.20376965901738964,0.3862864613646378
Baseline (p=3),p90p100,Jordan,-0.30919746110726976,0.5199357887644397
Baseline (p=3),p90p100,Kenya,-0.04869940023931729,0.9426394869356044
Baseline (p=3),p90p100,Lebanon,-0.231712586076822,0.27348320771189855
Baseline (p=3),p90p100,Luxembourg,-0.4455049704973182,0.3161766858536285
Baseline (p=3),p90p100,Malaysia,-0.04501113830545023,0.23867361013327462
Baseline (p=3),p90p100,Malta,-0.41507333449165074,0.2713185969292649
Baseline (p=3),p90p100,Mauritania,-0.19945356053147645,0.6562503505712692
Baseline (p=3),p90p100,Mexico,-0.13905159486429197,0.7725851375257211
Baseline (p=3),p90p100,Netherlands,-0.47484915151193574,0.5742807612856635
Baseline (p=3),p90p100,New Zealand,-0.5211469385688423,0.4060794111615485
Baseline (p=3),p90p100,Norway,-0.17542456365258097,0.5998790791276727
Baseline (p=3),p90p100,Pakistan,-0.5401999904106503,0.5739081118192327
Baseline (p=3),p90p100,Panama,-0.1014980657259158,0.2875449555695008
Baseline (p=3),p90p100,Paraguay,-0.1204766736351669,0.22500490572394688
Baseline (p=3),p90p100,Portugal,-0.021162586465138133,0.3932233788093979
Baseline (p=3),p90p100,Singapore,-0.25913050556372474,0.37915569092455204
Baseline (p=3),p90p100,South Africa,0.009297463461988897,0.23178053509717286
Baseline (p=3),p90p100,South Korea,-0.0183745750626102,0.4014502066065552
Baseline (p=3),p90p100,Spain,-0.3188963997361305,0.21326777818664044
Baseline (p=3),p90p100,Sweden,-0.15522009142512316,0.5731349160346993
Baseline (p=3),p90p100,Switzerland,-0.3177705517954871,0.2846928593888754
Baseline (p=3),p90p100,Thailand,-0.35175046508630614,0.3907848482805282
Baseline (p=3),p90p100,Togo,-0.21698021797062106,0.23866288896466237
Baseline (p=3),p90p100,Trinidad and Tobago,-0.3031267874350321,0.25947317525058256
Baseline (p=3),p90p100,Turkey,-0.15632148202039742,0.47502344349557374
Baseline (p=3),p90p100,United Arab Emirates,-0.18469360588164052,0.8267104945615034
Baseline (p=3),p90p100,United Kingdom,-0.6213364181911316,0.6046731990874177
Baseline (p=3),p90p100,United States,-0.33621699062012256,0.6045555988933219
Baseline (p=3),p90p100,Uruguay,-0.11975663512726686,0.2782388807929697
Baseline (p=3),p90p100,Venezuela,-0.13766672614934994,0.1051502796592087
Baseline (p=3),p90p100,Zambia,-0.24173510264753206,0.9413175505332815
Baseline (p=3),p99p100,Algeria,0.03418762797694219,0.5280080559707546
Baseline (p=3),p99p100,Argentina,-0.6429846853615104,0.34250403807877183
Baseline (p=3),p99p100,Australia,-0.5043498401685813,0.3388487556709557
Baseline (p=3),p99p100,Austria,-0.8392670951914574,0.44844322126846864
Baseline (p=3),p99p100,Bahamas,-0.4313227830124132,0.46522263633564803
Baseline (p=3),p99p100,Bahrain,-0.29927880288549324,0.6941472474721766
Baseline (p=3),p99p100,Bangladesh,-0.26921722394544545,0.5879022270849786
Baseline (p=3),p99p100,Belgium,-0.6919219404402797,0.5557189472389852
Baseline (p=3),p99p100,Belize,-0.5411044420566465,0.3884045886056937
Baseline (p=3),p99p100,Bolivia,-0.6452921417927373,0.32571731237879714
Baseline (p=3),p99p100,Brazil,-0.4064614976758313,0.35156448545712726
Baseline (p=3),p99p100,Burkina Faso,-0.1761973553347853,0.9009571877929451
Baseline (p=3),p99p100,Canada,-0.06807817709953212,0.3581870246147022
Baseline (p=3),p99p100,Chile,-0.38044069980842,0.4296689582417644
Baseline (p=3),p99p100,Colombia,-0.42046062760343195,0.24477150288569938
Baseline (p=3),p99p100,Costa Rica,-0.36528753277499026,0.3758139106077642
Baseline (p=3),p99p100,Cote d'Ivoire,-0.20195419464681796,0.6068475623069508
Baseline (p=3),p99p100,Cyprus,-0.6992731401845265,0.37616359341171557
Baseline (p=3),p99p100,Denmark,-0.3178004692593085,0.3443632991320409
Baseline (p=3),p99p100,Egypt,-0.25349195268357183,0.4899946082494345
Baseline (p=3),p99p100,El Salvador,-0.882919947377214,0.5273833996114479
Baseline (p=3),p99p100,Finland,-0.03778906987279329,0.5477897603456532
Baseline (p=3),p99p100,France,-0.039596987457994115,0.31906050221195364
Baseline (p=3),p99p100,Germany,-0.22096025686650378,0.5884822759323917
Baseline (p=3),p99p100,Ghana,-0.06994392450614417,0.6221915143902247
Baseline (p=3),p99p100,Greece,-0.5154658743859002,0.6088302368374778
Baseline (p=3),p99p100,Guatemala,-0.5051157917832296,0.3194829132953076
Baseline (p=3),p99p100,Guyana,-0.5611750689095798,0.2846382371421373
Baseline (p=3),p99p100,Haiti,-0.46016275760740855,0.23295727926550955
Baseline (p=3),p99p100,Honduras,-0.6142302277984802,0.3143200939413512
Baseline (p=3),p99p100,Iceland,-0.46457947384890985,0.24574610602799832
Baseline (p=3),p99p100,India,-0.4587557076215535,0.9075990069399742
Baseline (p=3),p99p100,Indonesia,-0.4838973052886165,0.4301822960005582
Baseline (p=3),p99p100,Iran,-0.7391179981327592,0.4018071867624573
Baseline (p=3),p99p100,Ireland,-0.4068844138267259,0.2589609944641844
Baseline (p=3),p99p100,Italy,-0.20040299781014037,0.33032773988028924
Baseline (p=3),p99p100,Jamaica,-0.4247467442299637,0.34458333056242846
Baseline (p=3),p99p100,Japan,-0.3189293269925617,0.2894897145461902
Baseline (p=3),p99p100,Jordan,-0.3393614253525741,0.48174690445264323
Baseline (p=3),p99p100,Kenya,-0.017211277132477165,0.5502789643626352
Baseline (p=3),p99p100,Lebanon,-0.5657974502179768,0.35342621012988557
Baseline (p=3),p99p100,Luxembourg,-0.4020326939975126,0.414252882226795
Baseline (p=3),p99p100,Malaysia,-0.07234684503252442,0.1351756718600302
Baseline (p=3),p99p100,Malta,-0.3720499241188273,0.26059989654829
Baseline (p=3),p99p100,Mauritania,-0.18725398571392982,0.6086599628574704
Baseline (p=3),p99p100,Mexico,-0.09191197600211654,0.24662212448102092
Baseline (p=3),p99p100,Netherlands,-0.5769040155515167,0.37991927658717245
Baseline (p=3),p99p100,New Zealand,-0.42366813375682966,0.23738228232393135
Baseline (p=3),p99p100,Norway,-0.08815492781975698,0.22366458529280137
Baseline (p=3),p99p100,Pakistan,-0.22703313227401034,0.22778000553434213
Baseline (p=3),p99p100,Panama,-0.6197453971973523,0.40342291257120727
Baseline (p=3),p99p100,Paraguay,-0.45205674790231243,0.6705944047333516
Baseline (p=3),p99p100,Portugal,-0.20951446549810915,0.13072281967716226
Baseline (p=3),p99p100,Singapore,-0.1845640441725771,0.27259290943260367
Baseline (p=3),p99p100,South Africa,-0.06513307113441302,0.5168262972283624
Baseline (p=3),p99p100,South Korea,-0.383346883654643,0.7655560251781842
Baseline (p=3),p99p100,Spain,-0.3603219602466612,0.2618183435418466
Baseline (p=3),p99p100,Sweden,-0.22572166137326855,0.5188371432092302
Baseline (p=3),p99p100,Switzerland,-0.3874759011527037,0.2875792671333941
Baseline (p=3),p99p100,Thailand,-0.04800507836673196,0.2613051488528288
Baseline (p=3),p99p100,Togo,-0.5339683828460192,0.5806429744639862
Baseline (p=3),p99p100,Trinidad and Tobago,-0.7422224349474245,0.38164857644256234
Baseline (p=3),p99p100,Turkey,-0.20294144772691936,0.32109197052954414
Baseline (p=3),p99p100,United Arab Emirates,-0.05938911596514984,0.5107522628879965
Baseline (p=3),p99p100,United Kingdom,-0.361717368086271,0.4089547776523212
Baseline (p=3),p99p100,United States,-0.3780768861037789,0.1997609536649665
Baseline (p=3),p99p100,Uruguay,-0.8041053694979241,0.8495590048059347
Baseline (p=3),p99p100,Venezuela,-0.7569882655807779,0.8232595987777216
Baseline (p=3),p99p100,Zambia,-0.41455355750813083,0.6858894635254701
Baseline (p=3),gini,Argentina,-0.022288131568578562,0.9219194931030713
Baseline (p=3),gini,Australia,-0.26357410663041714,0.47856946079336454
Baseline (p=3),gini,Austria,-0.2087971681028582,0.8109151332380125
Baseline (p=3),gini,Bangladesh,-0.10401437665669888,0.6906324797740643
Baseline (p=3),gini,Belgium,-0.02496593836783556,0.6031927620915641
Baseline (p=3),gini,Belize,-0.010099758698564831,0.8262065912792839
Baseline (p=3),gini,Bolivia,-0.15912505351440442,0.976582644822737
Baseline (p=3),gini,Brazil,-0.09780694427109915,0.8186482188110994
Baseline (p=3),gini,Burkina Faso,-0.4089699183839903,0.7754070337098535
Baseline (p=3),gini,Canada,-0.07951139438349986,0.5193813434421258
Baseline (p=3),gini,Chile,-0.02649206957991823,0.8707867461747756
Baseline (p=3),gini,Colombia,-0.01960910916759262,0.5372491117308799
Baseline (p=3),gini,Costa Rica,-0.08936917550613255,0.61162838960511
Baseline (p=3),gini,Cyprus,0.010997449333826737,0.4376798278104036
Baseline (p=3),gini,Denmark,-0.058408439315341565,0.5387423314473331
Baseline (p=3),gini,Egypt,0.005994894605103163,0.5487414352661334
Baseline (p=3),gini,El Salvador,-0.2882165596747379,0.936984353720775
Baseline (p=3),gini,Finland,-0.11006607983862338,0.7170859422751399
Baseline (p=3),gini,France,-0.15808563322193447,0.4194946524415409
Baseline (p=3),gini,Germany,-0.07593612860854182,0.4962425398971853
Baseline (p=3),gini,Ghana,0.16670246960419544,0.927643189808084
Baseline (p=3),gini,Greece,-0.059127087866827965,0.6147729632073634
Baseline (p=3),gini,Guatemala,-0.02237140410619176,0.5337109604283691
Baseline (p=3),gini,Honduras,-0.012152019981530593,0.8364097880344578
Baseline (p=3),gini,Iceland,-0.14416854439983395,0.9077806146071531
Baseline (p=3),gini,India,0.7687120826833918,0.7971382880671025
Baseline (p=3),gini,Indonesia,-0.008117722545812667,0.8829099249229132
Baseline (p=3),gini,Iran,0.05778079084539778,0.8265866828091346
Baseline (p=3),gini,Ireland,-0.03391393299080425,0.8453354426212751
Baseline (p=3),gini,Italy,-0.0592844159792516,0.7250501536539129
Baseline (p=3),gini,Jamaica,-0.1254629187372447,0.7472522523105504
Baseline (p=3),gini,Japan,-0.17654085696610555,0.636089444260707
Baseline (p=3),gini,Jordan,-0.49973261985265127,0.6173931497677616
Baseline (p=3),gini,Kenya,-0.012064355042459063,0.24276958234166418
Baseline (p=3),gini,Lebanon,-0.31361759492755625,0.981181524538374
Baseline (p=3),gini,Luxembourg,-0.2853675024441199,0.6783069796544073
Baseline (p=3),gini,Malaysia,-0.15493544520550873,0.5303784643301084
Baseline (p=3),gini,Mauritania,0.009082230922283108,0.8470455672660323
Baseline (p=3),gini,Mexico,-0.039708777948660456,0.7273858188607745
Baseline (p=3),gini,Netherlands,-0.27012704430255496,0.47727625664812434
Baseline (p=3),gini,New Zealand,-0.09523707483761523,0.8844562078189312
Baseline (p=3),gini,Norway,-0.18198772455214507,0.5556401554109958
Baseline (p=3),gini,Pakistan,-0.22659468123598714,0.3004232348397187
Baseline (p=3),gini,Panama,-0.04657235869024068,0.7325844595077938
Baseline (p=3),gini,Paraguay,-0.22343276982943938,0.9142288934297129
Baseline (p=3),gini,Portugal,-0.14916998984560859,0.7757603044712759
Baseline (p=3),gini,Singapore,0.06967244586558352,0.7506497753955683
Baseline (p=3),gini,South Africa,-0.03902483058723605,0.6249202326875299
Baseline (p=3),gini,South Korea,-0.4274573505856576,0.7595246454799052
Baseline (p=3),gini,Spain,-0.36010245058848644,0.6458235642793143
Baseline (p=3),gini,Sweden,-0.41569322689048116,0.8010255504889044
Baseline (p=3),gini,Switzerland,-0.15923336787607678,0.8836475278157503
Baseline (p=3),gini,Thailand,-0.006711901767299189,0.7838938930573118
Baseline (p=3),gini,Trinidad and Tobago,-0.345300964852685,0.9287495406942207
Baseline (p=3),gini,Turkey,-0.1510674032786683,0.9243791899640029
Baseline (p=3),gini,United Kingdom,-0.11244957757523155,0.7715982536870345
Baseline (p=3),gini,United States,0.006845027215920396,0.823574848085455
Baseline (p=3),gini,Uruguay,-0.08097122477089358,0.537666559689653
Baseline (p=3),gini,Venezuela,-0.05068557217949465,0.8599075640121282
Baseline (p=3),gini,Zambia,-0.041018934978574895,0.21657152819820077
Baseline (p=2),p90p100,Algeria,-0.16484423930984904,0.49349642333070565
Baseline (p=2),p90p100,Argentina,-0.1393543805341828,0.3057892919408058
Baseline (p=2),p90p100,Australia,-0.34648353610665295,0.19053357836606363
Baseline (p=2),p90p100,Austria,-0.8687220646524578,0.4963368148195388
Baseline (p=2),p90p100,Bahamas,-0.47132489254835086,0.36109596456043996
Baseline (p=2),p90p100,Bahrain,-0.21396003597476665,0.7039344324025378
Baseline (p=2),p90p100,Bangladesh,-0.26922423706003396,0.767411260951216
Baseline (p=2),p90p100,Belgium,-0.5078221349114622,0.4317842254680733
Baseline (p=2),p90p100,Belize,-0.3359082644774254,0.3154978952681447
Baseline (p=2),p90p100,Bolivia,-0.08919336603023242,0.08462965912218022
Baseline (p=2),p90p100,Brazil,-0.4689702870770024,0.18768468279601958
Baseline (p=2),p90p100,Burkina Faso,-0.3145229196620314,0.6611882447521548
Baseline (p=2),p90p100,Canada,-0.013176858390570367,0.5021033242785959
Baseline (p=2),p90p100,Chile,-0.04490283875581802,0.4251904242467972
Baseline (p=2),p90p100,Colombia,-0.3907196653810061,0.21231678445515006
Baseline (p=2),p90p100,Costa Rica,-0.7798331441443599,0.35407204447101104
Baseline (p=2),p90p100,Cote d'Ivoire,-0.36531158486390125,0.3088103902612385
Baseline (p=2),p90p100,Cyprus,-0.6853067310630488,0.5501019385369559
Baseline (p=2),p90p100,Denmark,-0.5664805139133406,0.4523247331210643
Baseline (p=2),p90p100,Egypt,-0.2630864984280298,0.5646287718984396
Baseline (p=2),p90p100,El Salvador,-0.4662099673735043,0.2275709649697805
Baseline (p=2),p90p100,Finland,-0.14023752359770314,0.5623140152460855
Baseline (p=2),p90p100,France,-0.148580268266288,0.6165627964200786
Baseline (p=2),p90p100,Germany,-0.20441506912384522,0.3011255022125725
Baseline (p=2),p90p100,Ghana,-0.13658527900545825,0.5925857523785417
Baseline (p=2),p90p100,Greece,-0.14696827267466228,0.30356315766499126
Baseline (p=2),p90p100,Guatemala,-0.07139129194900051,0.05803122330961577
Baseline (p=2),p90p100,Guyana,-0.1688998532360232,0.13643078360408362
Baseline (p=2),p90p100,Haiti,-0.08409112652213147,0.0804508461024718
Baseline (p=2),p90p100,Honduras,-0.08153233637048551,0.12348566917460554
Baseline (p=2),p90p100,Iceland,-0.18155243161803003,0.38593593363489953
Baseline (p=2),p90p100,India,-0.413245684084782,0.42417799986858734
Baseline (p=2),p90p100,Indonesia,-0.3245238497655596,0.35996069230828814
Baseline (p=2),p90p100,Iran,-0.6396920068549562,0.3017130350607802
Baseline (p=2),p90p100,Ireland,-0.7044600065364508,0.5111368680174077
Baseline (p=2),p90p100,Italy,-0.25092232865816577,0.6070604196709388
Baseline (p=2),p90p100,Jamaica,-0.11994531494252192,0.12742966029864863
Baseline (p=2),p90p100,Japan,-0.20376965901738964,0.3862864613646378
Baseline (p=2),p90p100,Jordan,-0.30919746110726976,0.5199357887644397
Baseline (p=2),p90p100,Kenya,-0.04869940023931729,0.9426394869356044
Baseline (p=2),p90p100,Lebanon,-0.231712586076822,0.27348320771189855
Baseline (p=2),p90p100,Luxembourg,-0.4455049704973182,0.3161766858536285
Baseline (p=2),p90p100,Malaysia,-0.04501113830545023,0.23867361013327462
Baseline (p=2),p90p100,Malta,-0.41507333449165074,0.2713185969292649
Baseline (p=2),p90p100,Mauritania,-0.19945356053147645,0.6562503505712692
Baseline (p=2),p90p100,Mexico,-0.13905159486429197,0.7725851375257211
Baseline (p=2),p90p100,Netherlands,-0.47484915151193574,0.5742807612856635
Baseline (p=2),p90p100,New Zealand,-0.5211469385688423,0.4060794111615485
Baseline (p=2),p90p100,Norway,-0.17542456365258097,0.5998790791276727
Baseline (p=2),p90p100,Pakistan,-0.5401999904106503,0.5739081118192327
Baseline (p=2),p90p100,Panama,-0.1014980657259158,0.2875449555695008
Baseline (p=2),p90p100,Paraguay,-0.1204766736351669,0.22500490572394688
Baseline (p=2),p90p100,Portugal,-0.021162586465138133,0.3932233788093979
Baseline (p=2),p90p100,Singapore,-0.25913050556372474,0.37915569092455204
Baseline (p=2),p90p100,South Africa,0.009297463461988897,0.23178053509717286
Baseline (p=2),p90p100,South Korea,-0.0183745750626102,0.4014502066065552
Baseline (p=2),p90p100,Spain,-0.3188963997361305,0.21326777818664044
Baseline (p=2),p90p100,Sweden,-0.15522009142512316,0.5731349160346993
Baseline (p=2),p90p100,Switzerland,-0.3177705517954871,0.2846928593888754
Baseline (p=2),p90p100,Thailand,-0.35175046508630614,0.3907848482805282
Baseline (p=2),p90p100,Togo,-0.21698021797062106,0.23866288896466237
Baseline (p=2),p90p100,Trinidad and Tobago,-0.3031267874350321,0.25947317525058256
Baseline (p=2),p90p100,Turkey,-0.15632148202039742,0.47502344349557374
Baseline (p=2),p90p100,United Arab Emirates,-0.18469360588164052,0.8267104945615034
Baseline (p=2),p90p100,United Kingdom,-0.6213364181911316,0.6046731990874177
Baseline (p=2),p90p100,United States,-0.33621699062012256,0.6045555988933219
Baseline (p=2),p90p100,Uruguay,-0.11975663512726686,0.2782388807929697
Baseline (p=2),p90p100,Venezuela,-0.13766672614934994,0.1051502796592087
Baseline (p=2),p90p100,Zambia,-0.24173510264753206,0.9413175505332815
Baseline (p=2),p99p100,Algeria,0.03418762797694219,0.5280080559707546
Baseline (p=2),p99p100,Argentina,-0.6429846853615104,0.34250403807877183
Baseline (p=2),p99p100,Australia,-0.5043498401685813,0.3388487556709557
Baseline (p=2),p99p100,Austria,-0.8392670951914574,0.44844322126846864
Baseline (p=2),p99p100,Bahamas,-0.4313227830124132,0.46522263633564803
Baseline (p=2),p99p100,Bahrain,-0.29927880288549324,0.6941472474721766
Baseline (p=2),p99p100,Bangladesh,-0.26921722394544545,0.5879022270849786
Baseline (p=2),p99p100,Belgium,-0.6919219404402797,0.5557189472389852
Baseline (p=2),p99p100,Belize,-0.5411044420566465,0.3884045886056937
Baseline (p=2),p99p100,Bolivia,-0.6452921417927373,0.32571731237879714
Baseline (p=2),p99p100,Brazil,-0.4064614976758313,0.35156448545712726
Baseline (p=2),p99p100,Burkina Faso,-0.1761973553347853,0.9009571877929451
Baseline (p=2),p99p100,Canada,-0.06807817709953212,0.3581870246147022
Baseline (p=2),p99p100,Chile,-0.38044069980842,0.4296689582417644
Baseline (p=2),p99p100,Colombia,-0.42046062760343195,0.24477150288569938
Baseline (p=2),p99p100,Costa Rica,-0.36528753277499026,0.3758139106077642
Baseline (p=2),p99p100,Cote d'Ivoire,-0.20195419464681796,0.6068475623069508
Baseline (p=2),p99p100,Cyprus,-0.6992731401845265,0.37616359341171557
Baseline (p=2),p99p100,Denmark,-0.3178004692593085,0.3443632991320409
Baseline (p=2),p99p100,Egypt,-0.25349195268357183,0.4899946082494345
Baseline (p=2),p99p100,El Salvador,-0.882919947377214,0.5273833996114479
Baseline (p=2),p99p100,Finland,-0.03778906987279329,0.5477897603456532
Baseline (p=2),p99p100,France,-0.039596987457994115,0.31906050221195364
Baseline (p=2),p99p100,Germany,-0.22096025686650378,0.5884822759323917
Baseline (p=2),p99p100,Ghana,-0.06994392450614417,0.6221915143902247
Baseline (p=2),p99p100,Greece,-0.5154658743859002,0.6088302368374778
Baseline (p=2),p99p100,Guatemala,-0.5051157917832296,0.3194829132953076
Baseline (p=2),p99p100,Guyana,-0.5611750689095798,0.2846382371421373
Baseline (p=2),p99p100,Haiti,-0.46016275760740855,0.23295727926550955
Baseline (p=2),p99p100,Honduras,-0.6142302277984802,0.3143200939413512
Baseline (p=2),p99p100,Iceland,-0.46457947384890985,0.24574610602799832
Baseline (p=2),p99p100,India,-0.4587557076215535,0.9075990069399742
Baseline (p=2),p99p100,Indonesia,-0.4838973052886165,0.4301822960005582
Baseline (p=2),p99p100,Iran,-0.7391179981327592,0.4018071867624573
Baseline (p=2),p99p100,Ireland,-0.4068844138267259,0.2589609944641844
Baseline (p=2),p99p100,Italy,-0.20040299781014037,0.33032773988028924
Baseline (p=2),p99p100,Jamaica,-0.4247467442299637,0.34458333056242846
Baseline (p=2),p99p100,Japan,-0.3189293269925617,0.2894897145461902
Baseline (p=2),p99p100,Jordan,-0.3393614253525741,0.48174690445264323
Baseline (p=2),p99p100,Kenya,-0.017211277132477165,0.5502789643626352
Baseline (p=2),p99p100,Lebanon,-0.5657974502179768,0.35342621012988557
Baseline (p=2),p99p100,Luxembourg,-0.4020326939975126,0.414252882226795
Baseline (p=2),p99p100,Malaysia,-0.07234684503252442,0.1351756718600302
Baseline (p=2),p99p100,Malta,-0.3720499241188273,0.26059989654829
Baseline (p=2),p99p100,Mauritania,-0.18725398571392982,0.6086599628574704
Baseline (p=2),p99p100,Mexico,-0.09191197600211654,0.24662212448102092
Baseline (p=2),p99p100,Netherlands,-0.5769040155515167,0.37991927658717245
Baseline (p=2),p99p100,New Zealand,-0.42366813375682966,0.23738228232393135
Baseline (p=2),p99p100,Norway,-0.08815492781975698,0.22366458529280137
Baseline (p=2),p99p100,Pakistan,-0.22703313227401034,0.22778000553434213
Baseline (p=2),p99p100,Panama,-0.6197453971973523,0.40342291257120727
Baseline (p=2),p99p100,Paraguay,-0.45205674790231243,0.6705944047333516
Baseline (p=2),p99p100,Portugal,-0.20951446549810915,0.13072281967716226
Baseline (p=2),p99p100,Singapore,-0.1845640441725771,0.27259290943260367
Baseline (p=2),p99p100,South Africa,-0.06513307113441302,0.5168262972283624
Baseline (p=2),p99p100,South Korea,-0.383346883654643,0.7655560251781842
Baseline (p=2),p99p100,Spain,-0.3603219602466612,0.2618183435418466
Baseline (p=2),p99p100,Sweden,-0.22572166137326855,0.5188371432092302
Baseline (p=2),p99p100,Switzerland,-0.3874759011527037,0.2875792671333941
Baseline (p=2),p99p100,Thailand,-0.04800507836673196,0.2613051488528288
Baseline (p=2),p99p100,Togo,-0.5339683828460192,0.5806429744639862
Baseline (p=2),p99p100,Trinidad and Tobago,-0.7422224349474245,0.38164857644256234
Baseline (p=2),p99p100,Turkey,-0.20294144772691936,0.32109197052954414
Baseline (p=2),p99p100,United Arab Emirates,-0.05938911596514984,0.5107522628879965
Baseline (p=2),p99p100,United Kingdom,-0.361717368086271,0.4089547776523212
Baseline (p=2),p99p100,United States,-0.3780768861037789,0.1997609536649665
Baseline (p=2),p99p100,Uruguay,-0.8041053694979241,0.8495590048059347
Baseline (p=2),p99p100,Venezuela,-0.7569882655807779,0.8232595987777216
Baseline (p=2),p99p100,Zambia,-0.41455355750813083,0.6858894635254701
Baseline (p=2),gini,Argentina,-0.022288131568578562,0.9219194931030713
Baseline (p=2),gini,Australia,-0.26357410663041714,0.47856946079336454
Baseline (p=2),gini,Austria,-0.2087971681028582,0.8109151332380125
Baseline (p=2),gini,Bangladesh,-0.10401437665669888,0.6906324797740643
Baseline (p=2),gini,Belgium,-0.02496593836783556,0.6031927620915641
Baseline (p=2),gini,Belize,-0.010099758698564831,0.8262065912792839
Baseline (p=2),gini,Bolivia,-0.15912505351440442,0.976582644822737
Baseline (p=2),gini,Brazil,-0.09780694427109915,0.8186482188110994
Baseline (p=2),gini,Burkina Faso,-0.4089699183839903,0.7754070337098535
Baseline (p=2),gini,Canada,-0.07951139438349986,0.5193813434421258
Baseline (p=2),gini,Chile,-0.02649206957991823,0.8707867461747756
Baseline (p=2),gini,Colombia,-0.01960910916759262,0.5372491117308799
Baseline (p=2),gini,Costa Rica,-0.08936917550613255,0.61162838960511
Baseline (p=2),gini,Cyprus,0.010997449333826737,0.4376798278104036
Baseline (p=2),gini,Denmark,-0.058408439315341565,0.5387423314473331
Baseline (p=2),gini,Egypt,0.005994894605103163,0.5487414352661334
Baseline (p=2),gini,El Salvador,-0.2882165596747379,0.936984353720775
Baseline (p=2),gini,Finland,-0.11006607983862338,0.7170859422751399
Baseline (p=2),gini,France,-0.15808563322193447,0.4194946524415409
Baseline (p=2),gini,Germany,-0.07593612860854182,0.4962425398971853
Baseline (p=2),gini,Ghana,0.16670246960419544,0.927643189808084
Baseline (p=2),gini,Greece,-0.059127087866827965,0.6147729632073634
Baseline (p=2),gini,Guatemala,-0.02237140410619176,0.5337109604283691
Baseline (p=2),gini,Honduras,-0.012152019981530593,0.8364097880344578
Baseline (p=2),gini,Iceland,-0.14416854439983395,0.9077806146071531
Baseline (p=2),gini,India,0.7687120826833918,0.7971382880671025
Baseline (p=2),gini,Indonesia,-0.008117722545812667,0.8829099249229132
Baseline (p=2),gini,Iran,0.05778079084539778,0.8265866828091346
Baseline (p=2),gini,Ireland,-0.03391393299080425,0.8453354426212751
Baseline (p=2),gini,Italy,-0.0592844159792516,0.7250501536539129
Baseline (p=2),gini,Jamaica,-0.1254629187372447,0.7472522523105504
Baseline (p=2),gini,Japan,-0.17654085696610555,0.636089444260707
Baseline (p=2),gini,Jordan,-0.49973261985265127,0.6173931497677616
Baseline (p=2),gini,Kenya,-0.012064355042459063,0.24276958234166418
Baseline (p=2),gini,Lebanon,-0.31361759492755625,0.981181524538374
Baseline (p=2),gini,Luxembourg,-0.2853675024441199,0.6783069796544073
Baseline (p=2),gini,Malaysia,-0.15493544520550873,0.5303784643301084
Baseline (p=2),gini,Mauritania,0.009082230922283108,0.8470455672660323
Baseline (p=2),gini,Mexico,-0.039708777948660456,0.7273858188607745
Baseline (p=2),gini,Netherlands,-0.27012704430255496,0.47727625664812434
Baseline (p=2),gini,New Zealand,-0.09523707483761523,0.8844562078189312
Baseline (p=2),gini,Norway,-0.18198772455214507,0.5556401554109958
Baseline (p=2),gini,Pakistan,-0.22659468123598714,0.3004232348397187
Baseline (p=2),gini,Panama,-0.04657235869024068,0.7325844595077938
Baseline (p=2),gini,Paraguay,-0.22343276982943938,0.9142288934297129
Baseline (p=2),gini,Portugal,-0.14916998984560859,0.7757603044712759
Baseline (p=2),gini,Singapore,0.06967244586558352,0.7506497753955683
Baseline (p=2),gini,South Africa,-0.03902483058723605,0.6249202326875299
Baseline (p=2),gini,South Korea,-0.4274573505856576,0.7595246454799052
Baseline (p=2),gini,Spain,-0.36010245058848644,0.6458235642793143
Baseline (p=2),gini,Sweden,-0.41569322689048116,0.8010255504889044
Baseline (p=2),gini,Switzerland,-0.15923336787607678,0.8836475278157503
Baseline (p=2),gini,Thailand,-0.006711901767299189,0.7838938930573118
Baseline (p=2),gini,Trinidad and Tobago,-0.345300964852685,0.9287495406942207
Baseline (p=2),gini,Turkey,-0.1510674032786683,0.9243791899640029
Baseline (p=2),gini,United Kingdom,-0.11244957757523155,0.7715982536870345
Baseline (p=2),gini,United States,0.006845027215920396,0.823574848085455
Baseline (p=2),gini,Uruguay,-0.08097122477089358,0.537666559689653
Baseline (p=2),gini,Venezuela,-0.05068557217949465,0.8599075640121282
Baseline (p=2),gini,Zambia,-0.041018934978574895,0.21657152819820077
Composition,p90p100,Algeria,-0.5738512356116752,0.7883036754353279
Composition,p90p100,Argentina,-0.1379919451482431,0.5929343268915972
Composition,p90p100,Australia,-0.8977036768007358,0.4870192492606306
Composition,p90p100,Austria,-2.0495124406369483,0.9190045390972859
Composition,p90p100,Bahamas,NA,NA
Composition,p90p100,Bahrain,-0.21219430121992477,0.7622833158396547
Composition,p90p100,Bangladesh,-0.37310542121381296,0.8079910472409224
Composition,p90p100,Belgium,-0.6817246893649536,0.9063425621922546
Composition,p90p100,Belize,-0.3834564564650388,0.3472977357431466
Composition,p90p100,Bolivia,-0.11852059688574812,0.1897100110200847
Composition,p90p100,Brazil,-0.4697082578324633,0.1965317319470941
Composition,p90p100,Burkina Faso,-0.36251623454525017,0.6809231661582649
Composition,p90p100,Canada,-0.017466476829092414,0.5686995561868459
Composition,p90p100,Chile,0.1291691894913467,0.8985292837004079
Composition,p90p100,Colombia,-0.07495084598775781,0.5803347897127725
Composition,p90p100,Costa Rica,NA,NA
Composition,p90p100,Cote d'Ivoire,-0.04778076197645065,0.8991194647504767
Composition,p90p100,Cyprus,-0.8276073474513231,0.6834484057657457
Composition,p90p100,Denmark,-0.5515420393285462,0.44715039753224933
Composition,p90p100,Egypt,-0.4748147119923505,0.7047225683786404
Composition,p90p100,El Salvador,-0.894990863908557,0.9099569422712904
Composition,p90p100,Finland,-0.34847333904925304,0.6460755828635751
Composition,p90p100,France,-0.3140087829689384,0.822592984322174
Composition,p90p100,Germany,-0.3364331224369964,0.42317074234885654
Composition,p90p100,Ghana,-0.12884451420983356,0.7034737644601636
Composition,p90p100,Greece,-0.4842093615671549,0.8513662266700569
Composition,p90p100,Guatemala,-0.232598793482652,0.23770614348702315
Composition,p90p100,Guyana,-0.2155846022054253,0.20191303836448768
Composition,p90p100,Honduras,-0.6971717835514382,0.9663278386472491
Composition,p90p100,Iceland,NA,NA
Composition,p90p100,India,-0.40377365167529,0.4602194186346227
Composition,p90p100,Indonesia,-1.3042217960087146,0.8231130496959816
Composition,p90p100,Iran,-0.7272932353619881,0.33894554193737814
Composition,p90p100,Ireland,-0.9741223574672521,0.6137752024748937
Composition,p90p100,Italy,-0.38746424811721825,0.7274686682503254
Composition,p90p100,Jamaica,-0.20671926146608033,0.24141675106115143
Composition,p90p100,Japan,-0.22266514307787322,0.3976295865529679
Composition,p90p100,Jordan,-0.3509006426154371,0.7481704804999583
Composition,p90p100,Kenya,-0.2271503952697217,0.9565227384769542
Composition,p90p100,Lebanon,-0.255304564073067,0.3111261338082147
Composition,p90p100,Luxembourg,-0.29627908178439044,0.8964668982870398
Composition,p90p100,Malaysia,-0.10754744261403526,0.2914160386456548
Composition,p90p100,Malta,-0.3485941134336954,0.957659525464649
Composition,p90p100,Mexico,0.03497219196094381,0.8655064336219885
Composition,p90p100,Netherlands,-0.6653512253902136,0.9184658516450144
Composition,p90p100,New Zealand,-1.099763307800803,0.7432026056659435
Composition,p90p100,Norway,-0.8388474378079948,0.7314957064327423
Composition,p90p100,Pakistan,-0.40569337431053243,0.9075748046539338
Composition,p90p100,Paraguay,-1.0360569887802782,0.5493317346163045
Composition,p90p100,Portugal,-0.1562548668406749,0.42623118039866187
Composition,p90p100,Singapore,-0.15125953240348677,0.559492400418716
Composition,p90p100,South Africa,-0.07765902062673968,0.316219402170203
Composition,p90p100,South Korea,0.019083429743218083,0.6366374347910634
Composition,p90p100,Spain,-0.5389548795975131,0.3959673605134898
Composition,p90p100,Sweden,-0.6855502375280175,0.6996374558473696
Composition,p90p100,Switzerland,-0.2605460015261195,0.5175283431547777
Composition,p90p100,Thailand,-0.5146185551374021,0.40341685504103775
Composition,p90p100,Togo,-0.36760290704954157,0.9594899875948611
Composition,p90p100,Turkey,-0.14301070428823215,0.5306542828699093
Composition,p90p100,United Kingdom,-0.6810542903361669,0.6271904882565753
Composition,p90p100,United States,-0.4577505699210729,0.6643904493347637
Composition,p90p100,Uruguay,-0.2213742961662707,0.37453624462858726
Composition,p90p100,Venezuela,-0.13172428364051725,0.17444658545173133
Composition,p99p100,Algeria,-0.8927112782533123,0.9192211008591414
Composition,p99p100,Argentina,-0.7442570260764738,0.4603533309217499
Composition,p99p100,Australia,-0.46090997876128414,0.3662009085107721
Composition,p99p100,Austria,-1.5796794971007246,0.866079195212381
Composition,p99p100,Bahamas,NA,NA
Composition,p99p100,Bahrain,-0.4216294416144456,0.8468247026716718
Composition,p99p100,Bangladesh,-0.4118883172545331,0.6809592420717707
Composition,p99p100,Belgium,-0.6306673636919353,0.7515824521930247
Composition,p99p100,Belize,-0.6836525795282131,0.5003600530294656
Composition,p99p100,Bolivia,-0.8489480746520501,0.4496337854659937
Composition,p99p100,Brazil,-0.39708552296766253,0.3540323721290296
Composition,p99p100,Burkina Faso,-0.05609718816963083,0.9565112415648288
Composition,p99p100,Canada,0.0034165059770192574,0.38154479790224916
Composition,p99p100,Chile,-0.5362070070702755,0.6888120916661208
Composition,p99p100,Colombia,-0.8201311644572328,0.48886741073452045
Composition,p99p100,Costa Rica,NA,NA
Composition,p99p100,Cote d'Ivoire,1.0848420307888196,0.8953570311544169
Composition,p99p100,Cyprus,0.7563336342723608,0.9211679139568844
Composition,p99p100,Denmark,-0.29657069898046484,0.42070308286965713
Composition,p99p100,Egypt,-0.553693360869045,0.6646795164192965
Composition,p99p100,El Salvador,-1.064422941928448,0.5696010719532065
Composition,p99p100,Finland,0.012086380701996413,0.5478710222419612
Composition,p99p100,France,-0.11092462969342254,0.7387506550375021
Composition,p99p100,Germany,-0.43726611701433704,0.6954691263805952
Composition,p99p100,Ghana,0.08421790258591644,0.61894211598825
Composition,p99p100,Greece,-0.5351284936495684,0.7063664225090794
Composition,p99p100,Guatemala,-0.5667046652537631,0.34693177991916346
Composition,p99p100,Guyana,-0.557628073488934,0.3006075987352798
Composition,p99p100,Honduras,-1.0274697564626396,0.9438135173344365
Composition,p99p100,Iceland,NA,NA
Composition,p99p100,India,-0.561963193593951,0.9511433843727305
Composition,p99p100,Indonesia,-0.8277318586310315,0.4849661538716945
Composition,p99p100,Iran,-0.7938776209278111,0.4122964524526767
Composition,p99p100,Ireland,-0.5238243381959664,0.3033823897413941
Composition,p99p100,Italy,-0.4446483755206274,0.3979312695196977
Composition,p99p100,Jamaica,-0.6936073998614967,0.44726362378105855
Composition,p99p100,Japan,-0.3096373792286191,0.3068078654637623
Composition,p99p100,Jordan,-0.5634639605954218,0.7268473819014524
Composition,p99p100,Kenya,-0.5032623962905411,0.93000439676105
Composition,p99p100,Lebanon,-2.068220121286406,0.9156856533166409
Composition,p99p100,Luxembourg,-0.992134305716285,0.8665044289865181
Composition,p99p100,Malaysia,-0.07223216504908403,0.13694850332231479
Composition,p99p100,Malta,0.13060416146441978,0.9842736265720072
Composition,p99p100,Mexico,0.2430581718549094,0.8341441004571268
Composition,p99p100,Netherlands,-0.7953119619825584,0.8115843530150414
Composition,p99p100,New Zealand,-0.453730026401832,0.25006575051496266
Composition,p99p100,Norway,-0.11867876983101389,0.22419379542949727
Composition,p99p100,Pakistan,-0.22103012750229156,0.28426241631769733
Composition,p99p100,Paraguay,-0.4945256713988654,0.7029711771885568
Composition,p99p100,Portugal,-0.7470470876721703,0.7619366610331183
Composition,p99p100,Singapore,-0.22009882266565595,0.4290948293668439
Composition,p99p100,South Africa,-0.13348433578264485,0.5706565840870174
Composition,p99p100,South Korea,-0.5468488441991778,0.8382937430659837
Composition,p99p100,Spain,-0.5384110003953602,0.4357717931500411
Composition,p99p100,Sweden,-0.398754244875582,0.6376906159558703
Composition,p99p100,Switzerland,-0.6850181702421766,0.613623288347373
Composition,p99p100,Thailand,0.10349348480234055,0.5740697150340206
Composition,p99p100,Togo,-1.7176795277564911,0.971317169647782
Composition,p99p100,Turkey,-0.2129642076620072,0.3525023900258765
Composition,p99p100,United Kingdom,-0.45521078390538017,0.4951917204936994
Composition,p99p100,United States,-1.0820108255145284,0.9047295087082994
Composition,p99p100,Uruguay,-1.062867739698441,0.882793868971728
Composition,p99p100,Venezuela,-0.7664430631012948,0.9202535918620278
Composition,gini,Argentina,-0.010682572666921408,0.9282732151568356
Composition,gini,Australia,-0.2973833302380846,0.54210789981379
Composition,gini,Bangladesh,0.013650465057707839,0.9263826881085411
Composition,gini,Belgium,-0.3048179441220924,0.8746418790825541
Composition,gini,Brazil,-0.37738373189412444,0.931084522179864
Composition,gini,Canada,-0.4378329427537355,0.8409203028865739
Composition,gini,Chile,-0.2449180715492053,0.9661278628530048
Composition,gini,Colombia,0.12418207258149838,0.60182429830906
Composition,gini,Costa Rica,NA,NA
Composition,gini,Cyprus,0.04731632544311881,0.5160103951150515
Composition,gini,Denmark,-0.5122052294620343,0.8313657785837444
Composition,gini,Egypt,-0.3961947804476531,0.7504720405350286
Composition,gini,Finland,-0.17078753772987976,0.8936170199535566
Composition,gini,France,-0.3179857527999701,0.8026307629451572
Composition,gini,Germany,-0.2252920583732908,0.7531344539966243
Composition,gini,Greece,-0.1605726053696921,0.8213557110102642
Composition,gini,Guatemala,-0.19823225109798615,0.933581145810306
Composition,gini,India,0.8241396684576454,0.8689016067633311
Composition,gini,Indonesia,-0.01937451174270821,0.9514800360925338
Composition,gini,Iran,0.03865291401631721,0.9026572412419065
Composition,gini,Ireland,-0.0236202591769209,0.8647090358833269
Composition,gini,Italy,-0.5671639177617257,0.8545879400158221
Composition,gini,Japan,-0.1864749185087211,0.6563239898912439
Composition,gini,Kenya,-0.0381022305458566,0.33747356691101466
Composition,gini,Luxembourg,-0.6649554891819462,0.8908422286686047
Composition,gini,Malaysia,-0.09016088810304301,0.5861210488910517
Composition,gini,Mexico,0.04925001194320666,0.834358863854218
Composition,gini,Netherlands,-0.059577816633895386,0.7891855242572339
Composition,gini,New Zealand,-0.4562503045671098,0.9691295103085525
Composition,gini,Norway,-0.1799649848444128,0.6145054854942565
Composition,gini,Pakistan,-0.36555880874675095,0.7825010976439875
Composition,gini,Portugal,-0.2818803880393994,0.8935961735296504
Composition,gini,Singapore,0.04750578085459267,0.8177204124043764
Composition,gini,South Africa,-0.09401112311033266,0.8539006297795518
Composition,gini,South Korea,-0.30223782253895937,0.9124263050081204
Composition,gini,Spain,-0.44827054215966045,0.8272036611921717
Composition,gini,Sweden,-0.6198740606334393,0.8707910446295634
Composition,gini,Switzerland,-0.4203515861254,0.9634969946667208
Composition,gini,Thailand,-0.08914095315063952,0.9174033266991872
Composition,gini,Turkey,-0.23876899504763838,0.9523205094723791
Composition,gini,United Kingdom,-0.7390116852369468,0.9615224674046658
Composition,gini,United States,-0.08486965909466548,0.7938638680708036
Composition,gini,Uruguay,-0.7110901806281501,0.8672706802989009
Composition,gini,Venezuela,-0.06598362545243575,0.8641012388474765
